subregio,temperatura_mitjana,precipitacio_mensual_mm,humitat_sol_capa1,temperatura_superficie_mar
Catalunya_Balears,16.175615629375,47.56003432413563,0.30891989487500005,18.554540723958333
Golf_Lleo,11.6360984755,78.93445424887662,0.3299189820416667,16.82691522083333
Llevant_Iberic,16.750861375,33.67569821837436,0.2203985344875,19.183853710416667
Mediterrani_Central_Occidental,17.30028981666667,43.753743370147035,0.2526590523708333,18.611827258333335
